Customer_Name,Sales,Profit,Orders,Quantity
Priya Jackson,3836.46,1390.64,2,14
Hanna Jones,3813.98,1370.08,1,12
Sarah Chen,3184.56,1153.99,2,17
Li Laurent,3007.62,1189.79,1,7
Nadia Wang,2958.9700000000003,1001.8100000000001,3,19
Priya Oliveira,2901.11,1054.26,1,10
Felix Thompson,2835.36,1115.05,1,6
Linda Weber,2762.4,657.86,1,10
Karen Sato,2738.18,884.82,2,11
Lucas Nilsson,2734.69,1016.1899999999999,2,12
Layla Oliveira,2701.31,874.37,1,11
Ivan Jones,2647.41,838.3299999999999,2,11
Marco Santos,2620.28,1017.49,1,13
Wei Jackson,2566.56,614.64,1,10
Clara Müller,2538.5,992.84,1,10
James Ferrari,2424.87,909.8399999999999,2,12
Jamal Hassan,2327.47,760.05,1,8
Joseph Weber,2287.2799999999997,899.27,2,8
Hans Martinez,2264.35,647.7,1,6
Noah Moreau,2141.76,845.05,2,20
Omar Nilsson,2138.87,803.85,2,18
Olga Kim,2095.6499999999996,672.62,2,10
Liam Clark,2076.5299999999997,812.8699999999999,2,23
Ivan Santos,2069.76,280.17,1,7
Carlos Tanaka,2051.57,746.09,1,5
Wei Li,2042.1399999999999,650.59,4,28
Mary Yamamoto,1932.8,533.66,1,12
Ali Harris,1920.8899999999999,692.11,2,6
Fatima Singh,1896.67,783.71,3,20
Sakura Thomas,1835.02,615.01,4,30
Marco Sharma,1814.97,510.29,2,8
Fatima Li,1798.6299999999999,667.49,2,12
Lucas Chen,1789.77,425.91,2,11
Carlos Ferrari,1786.34,782.6500000000001,2,12
Omar Schmidt,1780.56,701.93,1,8
Ahmed Garcia,1769.48,618.74,2,14
Sakura Davis,1744.74,500.57,2,6
Ava Fischer,1739.6200000000001,512.01,3,19
Ethan Park,1682.35,657.16,1,5
Ahmed Johansson,1670.1000000000001,582.62,2,20
Giulia Johansson,1667.44,653.71,1,4
Kenji Robinson,1657.59,535.99,1,7
Ethan Sato,1645.59,460.6,1,9
Olga Schmidt,1637.23,633.6,1,7
David Garcia,1616.1,583.04,1,4
Elizabeth Leroy,1608.71,572.66,1,6
Priya Smith,1588.92,617.24,2,7
Ahmed Singh,1583.7,591.06,3,12
Lucas Kim,1513.4299999999998,584.2,2,7
Amir Oliveira,1501.15,491.36,1,5
Sophie Martinez,1500.83,625.95,3,20
Chen Patel,1470.07,474.53,5,16
Amir Garcia,1469.12,408.86,2,15
Patricia Pereira,1451.69,480.90999999999997,2,6
Hanna Johnson,1449.74,348.62,1,6
Omar Williams,1446.12,526.9,3,18
Ayumi Ahmed,1438.39,500.67,1,15
Liam Ali,1410.66,619.46,1,9
David Fischer,1399.84,503.45,1,8
Hanna Yamamoto,1378.26,485.71,1,6
Clara Miller,1362.28,483.5,3,15
Ivan Li,1359.3600000000001,445.29999999999995,2,7
Amir Brown,1319.0,496.58,1,9
Elizabeth Schmidt,1303.05,438.16,2,8
Jennifer Ali,1300.1,415.78,1,8
Lucas Hassan,1267.83,456.85,1,4
Karen Santos,1236.75,433.73,1,8
Hanna Sharma,1236.1,395.07,1,8
Pierre Fischer,1234.94,478.38,4,12
James White,1233.43,456.73,1,8
Omar Müller,1205.55,447.36,1,10
Christopher Hassan,1202.53,373.97,1,9
Christopher Romano,1197.9,373.88,1,11
Ahmed Miller,1196.43,486.56,1,6
Marco Taylor,1195.1100000000001,387.37,2,6
James Williams,1194.1,411.36,2,16
Liam Russo,1189.16,283.25,1,7
Lucas Sharma,1178.95,468.09,1,10
Nadia Tanaka,1176.52,315.3,2,12
Sarah Khan,1176.28,419.87,3,10
Isabella Rossi,1168.55,458.48,1,5
Priya Ferrari,1167.53,494.53000000000003,2,9
Sakura Dubois,1159.91,323.4,1,10
Emma Martin,1158.57,409.15,1,5
Zara Williams,1158.5,485.08,2,9
Amir Khan,1142.43,456.19,2,9
Zara Costa,1142.37,433.81,1,9
Ayumi Martinez,1131.45,332.58000000000004,2,15
Isabella White,1121.62,386.62,3,17
Wei White,1118.04,359.57,1,3
Raj Santos,1111.23,266.81,1,4
Liam Davis,1109.04,419.53000000000003,2,8
Li Miller,1108.8400000000001,380.84000000000003,2,6
Christopher Leroy,1094.01,355.48,2,15
Omar Thompson,1093.11,386.94,1,4
Sarah Jackson,1085.95,340.45,2,4
Felix Thomas,1058.14,253.44,1,4
Ingrid Pereira,1044.2,366.2,1,4
Raj Martinez,1030.05,421.99,2,11
Christopher Davis,1016.5899999999999,418.18,2,9
Kenji Anderson,993.9,475.0,1,10
Raj Harris,993.37,316.41999999999996,2,10
Richard Tanaka,990.69,269.58000000000004,2,8
Yuki Kumar,989.39,319.52,1,4
William Ferrari,987.18,358.52,2,9
Christopher White,983.4,447.81,1,7
Karen Suzuki,972.28,345.64000000000004,3,11
Elizabeth Müller,969.81,338.84,1,5
Oscar Martinez,967.27,314.92999999999995,3,22
Wei Harris,960.81,334.41999999999996,2,24
Olga Russo,952.73,363.01,2,5
Isabella Nilsson,950.76,336.58,1,4
Priya Sharma,938.81,244.05,1,13
Hans Sato,932.25,231.47,1,5
John Pereira,924.42,255.08,1,5
Amir Laurent,917.09,209.43,1,6
Sarah Patel,914.69,299.82,2,8
Christopher Johansson,914.43,254.21,1,3
Jessica Russo,909.72,348.29,1,6
Xiao Santos,879.9,374.8,1,5
Marco Weber,878.42,315.93,1,5
Sakura Harris,870.93,355.57,2,16
Diego Russo,865.13,328.53,1,7
Hanna Weber,860.85,232.3,2,13
Olga Nilsson,850.96,318.13,2,11
Susan Davis,848.92,299.17,1,2
Xiao Ali,838.3,230.55,1,7
Ingrid Romano,835.43,294.47,1,5
Mary Smith,827.77,300.32,2,6
Nadia Nilsson,827.42,261.25,1,5
Felix Santos,825.97,233.58,1,3
Ali Miller,825.42,248.51,3,14
Jessica Costa,811.51,252.08,1,13
Susan Jackson,810.94,287.06,2,4
Ayumi Zhang,810.88,280.23,1,4
Olga Müller,802.07,329.99,1,4
Ayumi Singh,801.33,376.95,2,11
Ingrid Zhang,801.0899999999999,258.38,2,10
Thomas Smith,792.01,289.07,2,7
Mia Johansson,791.59,277.65,1,5
Layla Williams,790.88,220.89,1,5
Diego Kim,790.03,324.20000000000005,2,15
Linda Smith,786.6899999999999,260.3,2,10
Elizabeth Johnson,783.03,333.49,2,13
Jessica Müller,781.96,315.84000000000003,2,12
Raj Oliveira,779.58,272.54,1,13
Chen Jones,776.28,299.09,1,4
Robert Robinson,775.8,286.77,1,8
Sophie Thomas,772.8,134.77,1,4
Sarah Thompson,766.33,252.83,2,7
Lucas Sato,761.31,246.2,2,6
Noah Johansson,758.29,269.07,1,2
Joseph Chen,754.8199999999999,337.1,2,12
Amir Li,754.02,268.15,1,3
Kenji Taylor,751.49,261.2,1,4
Oscar Chen,751.33,180.66,1,7
Diego Suzuki,751.29,284.86,2,10
Ingrid Jackson,749.59,250.6,1,8
Ali Wang,746.33,301.7,2,11
Hans Patel,743.06,316.98,2,14
Thomas Chen,743.0,263.46,3,7
Nadia Leroy,741.08,132.9,1,9
Olga Suzuki,739.4100000000001,281.84,2,8
Jennifer Clark,739.0200000000001,248.54999999999998,2,9
Jamal Robinson,736.58,255.26999999999998,3,14
Pierre Leroy,735.62,301.21999999999997,2,14
Noah Russo,732.96,295.28000000000003,2,13
Noah Smith,732.06,142.02,1,10
Jamal Martinez,730.94,265.39,1,9
Robert Patel,730.63,253.22,1,6
Wei Sato,729.63,304.59000000000003,2,7
Ayumi Khan,725.33,298.06,2,9
Priya Rodriguez,710.18,263.7,1,11
Richard Costa,708.42,198.6,1,3
Jessica Moreau,694.97,310.35,2,9
Lucas Moreau,692.5400000000001,199.63,2,16
Elizabeth Johansson,689.29,117.21,1,5
Oscar Miller,689.21,271.18,2,7
Sarah Sharma,687.53,258.08,2,12
Ivan Moreau,687.44,295.87,1,4
Emma Jones,683.82,263.67,1,3
Hans Miller,682.79,272.74,2,7
Thomas Laurent,668.12,250.1,2,6
Pierre Romano,665.42,237.4,1,9
Giulia Miller,662.12,247.47,2,3
Isabella Khan,660.62,257.74,1,2
Ahmed Thomas,659.08,251.09,1,2
Ingrid Williams,655.88,245.6,1,4
Lucas Li,649.62,243.46,1,3
John Laurent,640.3299999999999,204.76999999999998,2,3
Fatima Williams,629.87,214.67000000000002,4,20
Richard Rossi,628.5600000000001,185.64000000000001,2,8
Yuki Patel,627.38,248.72,1,4
David Johansson,626.39,252.39,1,4
Olga Johansson,625.88,106.32,1,5
Karen Smith,625.3100000000001,194.33999999999997,2,8
Michael Yamamoto,624.46,203.86999999999998,4,11
David Rossi,624.38,213.07,1,3
Giulia Johnson,623.79,251.23000000000002,2,6
Ayumi Dubois,619.37,272.44,1,11
William Yamamoto,619.17,212.18,1,4
Barbara Suzuki,617.58,239.82,1,2
Olivia Moreau,616.26,277.41,1,10
Nadia Harris,615.34,280.9,2,8
Amir Thompson,614.55,169.24,2,14
Priya Costa,612.54,142.76,2,5
Fatima Smith,611.5,253.44,3,14
Carlos Rodriguez,610.24,219.52,2,4
Barbara Thomas,609.39,252.8,1,9
Layla Smith,606.67,219.29,1,11
Felix Smith,605.4499999999999,210.42000000000002,4,23
Robert Chen,604.48,140.68,2,3
David Clark,603.9,186.83,1,10
Oscar Nilsson,603.39,205.81,1,5
Ali Johnson,603.09,52.57,1,14
Sarah Weber,602.87,166.15,1,6
Olga Yamamoto,602.73,244.35999999999999,2,5
Mary White,601.04,209.66,1,3
Fatima Fischer,600.76,121.66,2,3
Ahmed Harris,598.14,221.25,1,6
Liam Laurent,597.19,187.95,1,6
Hanna Hassan,596.92,211.02,1,6
Kenji Dubois,595.6,226.57,1,2
Layla Johansson,594.21,200.57000000000002,2,11
Kenji Davis,592.7,186.82,1,5
Barbara Sharma,591.9300000000001,132.07999999999998,3,4
Giulia Rossi,590.48,246.56,1,11
Lucas Khan,590.48,227.12,1,2
Jamal Schmidt,589.46,212.7,2,8
Diego Miller,587.9100000000001,172.16,2,6
Amir Chen,585.15,162.27,1,3
Mia Romano,583.17,212.46,1,3
Hans Singh,582.95,184.13,1,4
Karen Robinson,581.9,244.33,1,11
Michael Khan,578.49,199.44,2,6
Hanna Taylor,577.59,220.95,1,3
Ali Johansson,577.5,168.01000000000002,2,9
Ayumi Laurent,577.02,217.49,1,2
Xiao Brown,576.5,185.39,1,12
Olga Garcia,572.74,203.12,1,2
Sophie Clark,571.4100000000001,181.69,3,14
Hanna Müller,561.48,237.16,1,3
Sophie Martin,560.46,120.15,2,6
Isabella Sato,557.88,260.27,1,6
Barbara Singh,557.76,240.88,1,6
Maria Yamamoto,557.74,175.14999999999998,3,17
Pierre Anderson,555.39,157.78,1,10
Barbara Sato,555.27,212.74,1,3
Olga Leroy,553.25,191.7,3,5
Barbara Davis,552.83,200.22000000000003,3,19
Thomas Weber,547.01,213.69,1,5
Jennifer Robinson,544.32,227.22,1,8
Amir Williams,543.78,232.24,1,9
Sarah Clark,543.56,162.4,2,3
Ivan Williams,540.31,207.76,1,5
Susan Zhang,534.53,217.33999999999997,2,6
Emma Johnson,533.21,166.34,3,8
Richard Yamamoto,530.26,183.49,2,5
Jessica Suzuki,530.21,193.99,1,4
Linda Nilsson,523.65,190.36,1,5
Wei Chen,523.38,220.87,1,3
Nadia Laurent,521.8,216.3,1,4
Noah Oliveira,520.15,182.73,1,3
Nadia Zhang,519.76,162.02999999999997,2,12
Felix Müller,518.98,108.72,2,6
Thomas Oliveira,518.9300000000001,105.33,3,6
Omar Costa,518.5,129.31,3,3
Raj Johnson,518.07,179.52,1,3
Zara Suzuki,517.37,186.49,2,7
Diego Weber,514.8,195.65,1,4
Thomas Hassan,513.14,154.01,1,3
Barbara Hassan,513.13,164.92,1,8
Layla Garcia,512.4,121.89,2,4
Mia Costa,512.33,196.06,1,10
Ahmed Ali,509.12,227.04,1,12
David Schmidt,507.0,230.46,1,12
Ivan Sato,506.33,140.37,1,2
Hans Harris,505.77,165.16,1,6
James Ahmed,505.49,218.04000000000002,2,6
Richard Müller,505.36,194.02,1,2
Elizabeth Miller,504.5,152.09,1,7
Noah Tanaka,502.91,186.05,1,9
Olivia Patel,501.29999999999995,166.49,2,8
Elizabeth Williams,499.93999999999994,165.65,3,13
Wei Suzuki,499.8,185.46,1,6
Emma Pereira,496.75,200.26,2,20
Diego Schmidt,496.22,171.01,2,3
Ingrid Schmidt,493.8,185.09,1,6
Ethan Wang,490.67,145.60000000000002,2,6
Susan White,490.63,109.11,2,10
Nadia Martin,490.55,177.21,3,9
Christopher Jones,489.74,163.5,1,4
Ayumi Harris,489.01,161.45,2,9
Ivan Pereira,488.64,203.98,1,14
Joseph Martinez,486.89,98.0,3,5
Jennifer Costa,486.27,153.78,1,3
Sarah Leroy,485.4,219.03,1,11
Mary Davis,485.0,199.72,1,4
Jennifer Romano,484.2,135.49,2,7
James Johansson,483.89000000000004,154.79999999999998,2,11
Hanna Ahmed,480.78,142.09,1,8
Ayumi Clark,479.86,184.96,1,2
Noah Clark,478.25,153.38,1,3
Ivan Martinez,478.14,164.06,1,3
Karen Wang,474.35,163.69,2,5
Sakura Smith,473.46,170.96,2,9
James Tanaka,473.15,170.35,1,5
Susan Wang,472.62,216.56,1,6
Hans Rossi,470.72,149.26,2,13
Pierre Weber,470.54999999999995,152.03,3,8
Hans Fischer,468.86,136.78,2,5
Li Suzuki,467.78,151.83999999999997,2,5
Felix White,467.46,160.32,2,11
Felix Kim,467.28,145.74,1,4
Amina Singh,466.65,200.48,1,3
Joseph Johansson,465.3,179.38,1,2
Nadia Costa,464.42,167.47,2,6
Richard Romano,464.38,92.21000000000001,2,5
Li Khan,461.9,124.21,1,7
Robert Park,461.54,136.24,2,12
Jessica Patel,461.36,166.41,1,12
Barbara Ali,460.7,170.23,3,12
Patricia Zhang,459.92,106.85,1,5
Ingrid Weber,456.7,124.42,1,5
Pierre Jackson,456.08,129.34,1,6
Emma Müller,455.73,179.64,2,6
Hans Sharma,454.06,178.79,1,2
Robert Rodriguez,451.99,171.82,2,16
Olga Taylor,449.59000000000003,152.67000000000002,2,10
Michael Li,449.07,143.04,1,7
Ingrid Martinez,446.69,150.37,1,5
Zara Miller,445.73,154.33,2,5
Felix Robinson,445.31,132.07,1,3
Christopher Khan,442.95000000000005,155.88,2,12
Karen Anderson,441.71999999999997,139.75,3,6
Liam Rodriguez,440.14000000000004,166.97,2,7
Hans Müller,438.15999999999997,153.10999999999999,2,3
Zara Kim,436.15,131.29,1,8
Wei Rodriguez,436.05,134.37,1,2
Hans Costa,435.78,144.07,2,3
Linda Kumar,435.36,98.58,1,6
Zara Patel,433.94,90.28,1,3
Diego Thomas,433.86,135.70999999999998,2,9
Diego Robinson,433.33,115.02,1,4
Clara Sharma,432.8,142.03,1,6
Ahmed Taylor,432.71000000000004,142.42000000000002,2,11
Nadia Johansson,430.78,124.75,1,4
Olivia Nilsson,429.3,162.6,2,7
Sarah Kim,427.73,132.06,2,6
Zara Leroy,427.35,139.01,1,4
Sophie Schmidt,426.84000000000003,142.64,2,5
Ayumi Robinson,426.26,149.82999999999998,2,4
Karen Rossi,426.05,141.67,2,8
Elizabeth Weber,425.44,129.7,1,7
Kenji Wang,424.66999999999996,119.71,2,15
David Anderson,424.26,154.98,1,2
Olivia Sharma,421.05,133.5,2,7
Sarah Suzuki,419.54,139.1,1,8
Carlos Sharma,418.67,128.96,3,10
Olivia Ferrari,418.55,165.2,1,6
Oscar Zhang,417.87,140.11,1,10
James Harris,417.14,134.70000000000002,2,6
Xiao White,415.65,157.24,1,3
Michael Davis,415.10999999999996,134.65,2,8
Sophie Tanaka,414.36,140.69,1,3
Lucas Tanaka,412.13,142.93,1,9
Elizabeth Harris,411.78999999999996,160.72,2,7
Robert Martinez,410.43,118.74,1,4
Clara Laurent,409.32,135.25,1,6
Jessica Anderson,408.65000000000003,122.94000000000001,2,6
William Ali,408.32,144.65,1,4
Sarah Li,408.07,130.59,1,5
Mary Chen,407.72,148.98,2,6
James Li,407.25,174.52,1,3
Linda Russo,405.14,133.07,2,11
Elizabeth Moreau,402.64,167.47,1,2
Karen Nilsson,398.95,116.73,1,7
Ivan Davis,398.26,111.62,2,6
John Ferrari,397.95,163.26,2,7
Isabella Thomas,396.63,160.9,1,5
Li Sharma,396.49,139.12,1,3
Richard Leroy,396.42,89.06,1,4
Hans Johnson,393.17999999999995,103.94999999999999,3,10
Michael Ahmed,392.02,147.72,1,2
Giulia Harris,391.54,143.77,1,2
Wei Taylor,390.41,131.04,1,2
Maria Leroy,388.58,148.24,1,7
Ahmed Rodriguez,387.86,110.71,1,4
Wei Santos,387.13,170.05,2,4
Jennifer Pereira,385.52,155.44,1,8
Ayumi Johnson,385.36,127.82,1,4
Mia Jones,384.05,146.10999999999999,2,11
Lucas Russo,380.79999999999995,110.73,2,11
Yuki Thomas,379.59,101.05,1,1
Ivan Costa,378.73,101.45,1,2
Ingrid Nilsson,378.65,112.64,1,6
Kenji Jones,378.08,131.26,2,3
Kenji Hassan,376.72,137.34,1,2
Maria Rodriguez,376.6,157.97,2,4
Sarah Santos,375.54,145.71,1,6
Ayumi Thomas,375.0,100.68,1,8
Noah Khan,374.13,115.42,1,5
Thomas Suzuki,372.25,106.07,2,10
Christopher Rodriguez,371.64,148.28,1,2
Mia Anderson,371.17,111.02,1,3
Emma Moreau,369.25,146.76,1,5
Maria Hassan,367.5,137.65,1,3
Olivia Williams,366.51,134.53,1,5
Ethan Johnson,364.29999999999995,113.17,2,5
Olga Davis,360.48,109.47,3,14
Clara Hassan,360.17,112.66,2,4
Clara Robinson,358.24,127.77,2,6
Ivan Robinson,358.18,143.16,1,11
Raj Garcia,356.83,84.2,1,7
Hanna Sato,353.04,95.05,3,12
Zara Nilsson,352.59000000000003,121.44,2,5
Fatima Ferrari,352.3,129.05,1,8
Jamal Singh,351.88,100.66,1,7
Emma Sharma,350.83,65.9,2,14
Omar Yamamoto,347.74,115.14999999999999,2,12
Olga Robinson,346.92,94.78,3,4
Felix Yamamoto,346.74,145.14,1,2
Mary Hassan,346.52,144.4,1,6
James Rossi,346.32,109.53,1,5
Mia White,345.35,61.06,1,3
Mary Johansson,344.98,104.96,1,7
Sophie Khan,343.95,134.01,1,5
Nadia Robinson,343.63,153.66,1,7
Yuki Ferrari,343.07,79.73,1,2
Priya Laurent,342.15,148.76,1,4
Isabella Johnson,340.88,98.92,1,4
Wei Sharma,338.72,117.75,1,5
Amina Taylor,338.36,92.6,3,11
Elizabeth Ahmed,336.94,111.73,1,1
Marco Sato,336.78999999999996,118.36,2,6
Sophie Pereira,336.43,125.84,1,5
Linda Patel,335.32,138.83,1,4
Carlos Smith,335.28,104.15,1,11
Jamal Rossi,334.7,137.72,2,5
Kenji Martin,334.58,103.56,3,4
Layla Patel,334.09,105.76,1,1
Mia Tanaka,332.84,75.03,1,1
Wei Johnson,331.83,118.59,1,9
David Park,329.91,131.63,1,11
Pierre Wang,327.82,89.92,2,11
Maria Johnson,327.46,91.9,1,9
Maria Costa,326.76,116.41,3,9
William Robinson,322.89,132.11,2,4
Maria Weber,322.21999999999997,109.21,2,7
Oscar Santos,322.01,77.25,1,7
Emma Wang,321.67999999999995,100.61999999999999,2,11
Jennifer Garcia,320.63,121.06,2,3
Liam Martin,320.17,139.03,1,3
Michael Tanaka,315.68,75.24000000000001,2,3
Barbara Nilsson,314.72,89.3,1,10
Zara Harris,314.5,129.47,1,5
Zara Anderson,313.98,131.74,1,3
John Johansson,313.38,83.62,1,4
Richard Kumar,313.19,131.21,1,9
Wei Müller,311.89,79.39,3,9
Yuki Kim,311.13,118.35000000000001,2,4
Susan Russo,310.97,119.26,1,11
Felix Costa,308.8,62.71,1,4
Zara Oliveira,308.79,98.44,1,10
Layla Sharma,308.12,107.8,1,2
Emma Miller,306.95,114.96,1,4
Ava Clark,306.87,68.21000000000001,3,7
Elizabeth Sato,303.6,106.48,1,4
Thomas Brown,303.33,119.33,1,2
Kenji Williams,301.48,111.48,1,11
Mia Santos,301.37,100.06,3,14
James Wang,298.56,122.32,1,4
Patricia Müller,298.36,106.31,2,6
Noah Chen,297.26,93.58000000000001,2,7
Clara Jackson,297.23,100.47,1,8
Patricia Kim,296.90000000000003,113.33,2,3
Michael Ali,294.15,72.84,1,13
Amir Hassan,293.97,121.94000000000001,2,7
Mia Harris,293.68,103.68,3,5
Diego Williams,292.5,109.53,1,9
Noah Jones,292.3,90.92,2,5
Barbara Robinson,291.9,99.26,1,8
Linda Suzuki,291.84,128.02,1,5
Jamal Taylor,291.54,123.17,2,4
Clara Oliveira,291.24,93.33,1,2
Christopher Park,286.33,102.06,2,6
Fatima Johnson,286.32,100.34,1,3
Christopher Williams,286.17,104.2,1,3
Ali Jones,281.8,110.69,2,5
Oscar Thompson,281.66,72.04,3,7
James Patel,281.28,108.85,1,2
Mary Martin,280.22,55.33,1,3
Noah Rodriguez,279.54,120.46,1,6
Ava Rossi,278.23,78.44,2,2
William Sato,278.17,106.33,1,7
Felix Park,275.32,90.35,1,4
Thomas Patel,275.31,107.7,1,5
Giulia Taylor,274.26,74.07,2,4
Ali Weber,273.55,113.38,1,5
Jennifer Harris,272.51,52.97,2,10
Kenji Zhang,271.99,105.94,1,2
Patricia Jackson,271.78,97.83,2,15
William Kim,271.07000000000005,71.06,2,4
Giulia Ali,270.58,111.69,1,2
Pierre Rodriguez,270.49,99.04,1,2
Olivia Jones,270.47,78.64,1,6
Chen Thompson,270.46,78.84,2,8
Yuki Martin,269.56,105.1,1,4
Zara Rodriguez,269.25,62.76,2,8
William Nilsson,268.98,99.03,1,1
Sophie Chen,266.6,72.82000000000001,2,4
Mia Weber,266.43,40.45,2,9
Jennifer Ferrari,265.12,72.37,2,5
William Ahmed,264.98,87.09,1,2
Kenji Johnson,264.5,95.32,1,10
Ava Ferrari,264.38,98.83,1,2
Li Pereira,263.62,103.58,2,4
Raj Rossi,262.03,71.15,2,7
Mia Brown,262.0,93.22,1,3
Ethan Li,261.18,82.65,2,5
Layla Fischer,260.91,96.46,1,2
Chen Chen,260.89,72.8,1,4
Ali Yamamoto,260.69,66.04,2,3
Thomas Costa,258.74,98.03,2,5
James Miller,258.03,61.93,1,9
David Suzuki,257.67,83.12,1,5
Mary Khan,256.84000000000003,49.26,3,8
Chen Santos,256.72,82.02,2,10
Isabella Johansson,256.55,75.21,2,5
Omar Patel,255.07,88.18,1,5
Sarah Davis,254.4,67.41,3,6
Lucas Laurent,254.28,95.8,1,4
Linda Johnson,254.07,80.06,1,2
Giulia Rodriguez,253.6,45.17,1,4
Kenji Moreau,253.37,80.3,2,13
Noah Nilsson,253.14,86.93,1,2
William Wang,251.86,79.95,1,3
Linda Hassan,251.68,74.13,1,1
Ayumi Taylor,251.52,80.57,1,4
Emma Dubois,251.33,89.65,2,8
Wei Moreau,251.06,79.46,2,5
Susan Li,250.72,66.19,1,4
Thomas Johnson,248.51,67.47,1,1
Ahmed Jackson,247.54,61.400000000000006,2,8
Olivia Miller,247.06,74.67,1,6
Karen Russo,246.69,98.95,1,9
Linda Brown,246.19,87.16,1,3
Susan Yamamoto,245.38,72.68,1,1
Elizabeth Fischer,245.22,68.69,2,3
Christopher Robinson,245.08,86.25,1,2
Karen Hassan,244.53,91.25999999999999,2,12
Ava Miller,244.2,86.39,1,5
Li Smith,243.95,71.07,1,1
Noah Ali,243.22,91.7,1,3
Wei Anderson,242.96,69.27,1,4
Jamal Brown,242.76,103.04,1,6
Richard Zhang,242.53,78.51,1,4
Susan Ali,241.57,87.62,1,4
Hanna Williams,241.47,77.82,1,4
Ahmed Thompson,240.97,74.05,1,7
Richard Santos,240.21,81.82,1,5
Sarah Harris,239.96,91.67,2,12
Amir Rodriguez,239.7,67.09,1,1
Ali Patel,239.2,92.03,1,8
Fatima Suzuki,238.71,83.01,2,4
Liam Smith,238.4,104.42,1,4
John Suzuki,237.86,58.48,2,2
Hanna Dubois,237.44,56.0,1,2
David Rodriguez,236.93,67.88,1,3
Chen Tanaka,236.85,63.07999999999999,2,5
Lucas Brown,236.81,48.28,2,7
Fatima Martin,236.04,83.28,1,4
Christopher Thompson,235.92,73.35,1,3
Hanna Park,235.68,76.85,1,3
Kenji Harris,235.66,80.55,1,5
Hanna Rodriguez,232.77,37.99,1,2
Elizabeth Wang,232.74,79.67,1,3
Ali Taylor,232.53,90.6,1,3
Olivia Kim,232.02,66.47,1,2
Xiao Wang,231.96,79.08,1,2
Clara Dubois,230.66,72.7,1,7
Robert Wang,229.95,91.16,1,5
Omar Hassan,229.28,58.34,1,6
Amir Smith,228.99,83.79,1,3
Thomas Rodriguez,228.76999999999998,49.57,3,10
Jessica Wang,227.86,69.31,2,3
Layla Li,227.49,81.96,1,3
Giulia White,225.85,73.9,1,5
Diego Jackson,225.25,72.61,1,4
Susan Schmidt,225.15,77.66,1,3
Sophie White,225.02999999999997,35.58,2,5
Amina Russo,224.54,94.73,1,4
Ethan Williams,224.52,81.12,1,2
Richard Brown,223.56,91.6,1,2
Joseph Russo,223.29,78.78,1,5
Chen Johansson,222.26,63.57,1,1
Clara Romano,222.13,67.35000000000001,2,5
Mia Wang,222.04,80.42,1,3
Maria Ferrari,221.84,67.04,1,1
James Suzuki,221.75,51.28,1,6
Linda Harris,220.36,92.77,1,4
Ethan Kumar,219.71,58.65,1,8
Emma Romano,219.67,91.14,1,1
Amir Ali,219.52,81.87,2,8
Noah Müller,219.07,67.28,1,2
Jamal Sharma,219.01,74.52,1,2
Robert Leroy,217.86,76.18,2,5
Wei Martinez,217.59,77.42,1,3
Robert Sharma,217.35,43.68,1,1
Ethan Khan,217.19,71.01,1,6
Mia Li,217.06,71.72,1,3
Priya Brown,216.8,64.53,2,10
William Chen,216.18,60.14,3,12
Raj Thomas,215.52,88.42,1,3
Wei Yamamoto,215.09,91.48,1,3
Sophie Jackson,215.05,43.39,1,1
Karen Romano,213.0,60.27,2,6
Layla Yamamoto,212.76,60.0,1,2
Olga Hassan,211.75,57.46,1,4
Susan Kim,210.93,90.0,1,3
Jennifer Santos,210.57,46.12,1,1
Linda Khan,207.42,73.66,1,2
Chen Romano,207.08,58.47,2,3
Thomas Thompson,207.05,55.11,2,7
Sophie Park,206.72,90.39,1,4
Kenji Sharma,205.58,52.86,1,2
Fatima Yamamoto,205.45,70.0,2,13
John Zhang,205.44,78.98,1,1
Jamal Clark,205.41,23.26,2,3
Noah Ferrari,205.27,83.81,1,4
Olivia Anderson,205.2,71.31,3,8
Robert Davis,204.96,64.93,1,1
Priya Schmidt,203.6,58.96,2,4
Carlos Thompson,203.59,74.5,1,1
Lucas Schmidt,202.61,60.48,1,1
James Schmidt,202.05,78.48,1,3
Maria Moreau,201.15,77.82,1,6
James Clark,200.12,49.88,1,4
Mia Smith,199.67000000000002,51.059999999999995,2,6
Xiao Robinson,199.66,73.03999999999999,2,3
Priya Kumar,199.44,90.67,1,3
Sarah Johnson,199.39,60.35,2,5
Ahmed Zhang,199.3,78.84,1,7
Carlos Wang,199.03,49.84,1,3
Kenji Leroy,198.83,74.59,1,6
Elizabeth Dubois,198.4,56.62,1,4
Jennifer Leroy,198.4,63.32,1,4
Christopher Schmidt,198.38,32.44,1,1
Elizabeth Chen,198.36,89.39,1,9
Diego Johansson,198.23,56.699999999999996,2,10
Chen Miller,197.88,72.6,1,3
Sophie Ahmed,197.61,64.49,1,3
Jamal Pereira,196.95999999999998,49.88,2,11
Robert Clark,196.92,33.17,1,4
Chen Anderson,196.42,61.1,1,4
Maria Tanaka,195.09,47.69,2,5
Li White,194.11,57.13,1,4
Layla Anderson,193.72,43.57,1,2
David Thompson,193.41,75.32,1,7
Lucas Romano,193.3,84.55,1,5
Clara Martin,192.45,78.89,1,5
Barbara Dubois,192.38,64.07,1,4
Ava Yamamoto,192.3,59.22,2,4
Emma Kim,190.07,49.76,2,2
Olivia Robinson,189.92,69.74,1,3
Marco Martin,189.73,45.7,1,4
Joseph Wang,189.69,39.64,1,1
Xiao Martin,189.41,80.63,1,6
Priya Garcia,189.3,45.22,1,1
Christopher Müller,187.47,68.76,1,1
Layla Leroy,186.8,67.01,1,4
William Sharma,186.5,68.41,1,6
Liam Tanaka,186.41,53.37,1,5
Michael Rodriguez,185.96,50.3,1,1
Mary Fischer,185.63,55.15,2,4
Elizabeth Taylor,185.6,50.99,2,13
Nadia Santos,185.57999999999998,25.84,2,16
Sarah Zhang,185.18,55.56,1,4
Pierre Patel,184.73,70.01,1,3
Ivan Zhang,184.31,64.35,2,14
Raj Thompson,183.79,62.510000000000005,2,5
Noah Leroy,183.4,65.58,1,5
Carlos Anderson,183.12,70.42,1,6
Olga Romano,182.0,75.44,1,3
Pierre Yamamoto,181.74,58.02,1,2
Sakura Costa,181.04,74.23,1,4
Christopher Brown,180.93,59.75,2,7
Li Harris,180.4,61.21,2,4
Robert Taylor,180.36,49.769999999999996,2,2
Lucas Park,179.65,23.91,1,1
Layla Rodriguez,179.64,32.94,1,5
Hans Chen,179.48,56.92,1,1
Ahmed Russo,179.32,47.13,1,3
Omar Park,178.86,46.720000000000006,3,4
Richard Rodriguez,178.7,54.39,1,3
Diego Pereira,178.65,74.65,1,3
Emma Jackson,177.94,67.94,1,1
Isabella Patel,177.12,78.28,1,3
Sakura Rossi,176.58,51.88,1,4
Barbara Jones,175.85,42.97,2,7
Hans Anderson,174.69,55.23,2,2
Ava Jones,174.28,54.76,1,3
Priya Patel,174.05,45.96,1,1
Christopher Martinez,173.45,35.36,1,3
Priya Johansson,172.7,57.75,1,1
Ingrid Robinson,172.2,65.11,1,1
Priya Harris,172.08,47.71,1,5
Michael Nilsson,171.83,52.48,1,2
Amir Yamamoto,170.36999999999998,48.79,2,3
David Nilsson,170.26,63.38,1,2
Sophie Sharma,170.05,54.94,1,2
Li Taylor,169.97,59.24,1,2
Sarah Robinson,169.34,34.11,2,2
Olga Anderson,169.04,48.94,1,1
Ayumi White,168.16000000000003,51.68,2,4
Ivan Patel,168.16,34.8,2,2
Raj Yamamoto,167.77,65.43,1,1
Susan Johansson,167.34,65.92,1,3
Olivia Sato,167.02,42.03,1,3
Oscar Müller,166.0,47.11,1,5
Isabella Jackson,165.98999999999998,43.76,2,4
Hanna Thomas,164.85,49.19,1,2
Xiao Romano,163.21,29.2,2,8
Priya Weber,162.66,30.839999999999996,2,5
Ava Oliveira,162.05,59.82,1,6
Ahmed Hassan,162.03,51.77,1,3
Robert Tanaka,161.92,50.38,1,2
Priya Martinez,161.57,29.16,2,7
Omar Thomas,161.42000000000002,49.730000000000004,2,11
Sakura Rodriguez,161.3,27.240000000000002,3,4
Ayumi Garcia,160.88,50.56,2,5
Isabella Thompson,160.72,48.57,1,14
Jennifer Kim,160.41,61.48,1,3
Jennifer Oliveira,160.11,43.14,1,1
Jamal Ahmed,159.98,54.58,1,2
James Santos,159.96,52.63,1,6
Chen Nilsson,159.64,46.61,1,4
Isabella Russo,159.47,45.27,1,1
Chen Laurent,159.19,60.82,1,1
Michael Ferrari,159.15,24.84,4,4
Susan Hassan,158.98,52.95,1,6
Maria Anderson,158.64,51.43,1,3
Jennifer Thomas,158.63,58.41,1,3
Wei Jones,158.15,50.19,1,3
Olivia Leroy,157.57,47.6,1,1
Isabella Jones,156.7,38.15,1,4
Ivan Ahmed,156.11,59.63,1,2
Clara Leroy,156.1,35.98,1,4
Zara Clark,155.86,27.4,1,3
Wei Thompson,155.51999999999998,37.54,2,2
Patricia Leroy,155.47,40.13,1,7
Ivan Ali,155.08,64.97,1,4
Maria Suzuki,154.95,32.51,2,9
Susan Kumar,154.78,52.9,1,1
Jennifer Tanaka,154.68,58.03,1,7
Ali Li,154.26,54.62,1,2
Ivan Dubois,154.2,47.74,1,2
Lucas Rodriguez,154.2,42.95,1,4
Marco Harris,154.06,26.45,1,1
Sophie Harris,152.89999999999998,41.45,2,11
Michael Garcia,152.19,63.6,1,5
Maria Schmidt,152.16,35.29,1,3
Mary Weber,151.8,38.84,3,5
Robert Schmidt,151.76,52.64,1,3
Omar Fischer,151.73,28.41,1,1
David Smith,151.6,27.619999999999997,3,7
Carlos Thomas,151.44,32.17,2,3
Michael Taylor,151.42,56.16,1,4
Maria Khan,151.34,55.97,1,2
Ahmed Sharma,150.87,40.599999999999994,2,5
Maria Ahmed,150.7,38.46,1,4
Nadia Oliveira,150.65,63.26,1,6
Isabella Davis,150.02,43.31,1,3
Patricia Wang,149.72,43.97,1,2
Giulia Nilsson,149.59,44.63,1,11
Sarah Miller,149.36,41.4,1,3
Wei Patel,149.18,34.61,2,7
Linda Santos,148.65,43.91,1,1
Olivia Johnson,148.51,46.72,1,1
Layla Kumar,148.32,35.3,1,4
Chen Smith,148.31,27.81,1,4
Zara Müller,148.25,20.0,1,1
Ava Harris,148.04,53.84,1,4
Barbara Williams,147.96,55.63,1,3
Hans Yamamoto,147.71,55.93,1,4
Thomas Zhang,147.53,49.18,1,4
Amina Clark,146.91,38.15,2,7
Li Wang,146.5,43.11,2,5
Lucas Oliveira,146.0,46.68,1,4
Fatima Costa,146.0,13.02,1,3
Barbara Weber,145.51,35.14,2,4
Noah Suzuki,145.48,40.49,1,3
Jessica Tanaka,145.22,38.64,1,3
Jessica Schmidt,145.1,48.33,1,3
Robert Khan,144.81,24.759999999999998,3,4
Yuki Rodriguez,144.72,53.71,1,1
Xiao Taylor,143.72,25.67,1,4
Noah Dubois,143.71,48.65,1,2
James Chen,143.71,26.59,1,3
Hanna White,143.57,44.26,1,3
Robert Jackson,143.37,53.58,1,2
Omar Li,143.33,44.29,1,2
Oscar Martin,142.57,35.24,2,2
Mia Chen,142.41,42.21,1,2
Amina Nilsson,142.31,42.49,1,4
Oscar Anderson,141.77,45.11,2,3
Clara Rodriguez,141.77,41.92,1,3
Sakura Müller,141.5,48.7,1,1
Sakura Ahmed,141.35,27.84,1,3
Wei Romano,140.33,34.32,1,6
Ethan Chen,140.31,42.160000000000004,2,7
Jessica Taylor,139.66,46.78,1,2
Ali Sato,139.56,59.82,1,2
Amir Taylor,138.89,50.59,1,1
Pierre Hassan,138.81,37.84,1,4
Hans Kim,138.69,45.31,1,2
Olivia White,138.68,39.59,1,3
Patricia Costa,138.6,58.23,1,2
Pierre Pereira,138.49,40.92,1,2
Ethan Thomas,138.21,54.93,1,3
Emma Oliveira,137.97,56.3,1,3
Li Rossi,136.9,22.93,2,4
Ivan Thomas,136.8,47.9,1,2
Emma Nilsson,136.65,43.83,1,2
Wei Ali,136.29,58.19,1,3
Yuki Johnson,135.89,48.95,1,3
Sakura Zhang,135.82,52.14,1,2
James Kumar,135.09,45.66,1,4
Nadia Rossi,135.0,40.63,1,2
Hanna Santos,134.94,42.69,1,1
Sophie Yamamoto,134.2,49.9,1,5
Priya Singh,133.95,48.37,1,5
Omar Jackson,133.88,57.82,1,2
Christopher Chen,133.74,36.64,2,10
Ahmed Anderson,133.68,46.97,1,4
Ethan Rodriguez,133.27,49.79,1,4
Isabella Ferrari,133.15,29.97,1,4
Jennifer White,132.41,47.98,1,3
Amina Jones,132.12,52.25,1,4
Richard Weber,131.94,39.75,1,1
Olivia Kumar,131.73,26.11,1,2
Richard Harris,130.71,28.41,1,6
Ivan Laurent,130.52,40.02,1,1
Susan Harris,130.4,35.38,1,1
Priya Jones,129.34,20.310000000000002,2,4
Sarah Brown,128.97,51.15,1,3
Yuki Costa,128.6,32.67,2,7
Mia Sharma,128.51999999999998,33.12,2,4
Wei Zhang,128.36,44.89,1,2
Sakura Martinez,128.02,36.16,1,2
Giulia Brown,127.95,33.82,2,8
Hanna Robinson,127.58,14.19,1,6
Elizabeth Park,127.22,38.37,1,8
Linda Martin,127.12,30.56,1,3
Pierre Ahmed,126.94,34.22,1,7
Olga Thompson,126.72999999999999,38.16,2,3
Marco Nilsson,126.55,47.2,1,1
Susan Weber,126.5,43.48,2,4
Maria Thomas,126.2,21.05,1,3
Richard Jackson,126.09,33.39,2,11
Fatima Zhang,125.88,30.86,2,4
Hans Park,125.56,36.78,1,4
Robert Thomas,125.54,36.24,1,4
Layla Park,124.49000000000001,30.630000000000003,2,9
Emma Martinez,124.47,27.86,1,4
Jennifer Yamamoto,123.94,38.44,1,2
Kenji White,123.9,53.25,1,2
John Robinson,123.86,36.88,2,6
Maria Rossi,123.84,23.22,1,6
Fatima Jackson,123.73,30.61,1,3
Raj Pereira,123.1,40.78,1,1
Ali Müller,122.8,27.51,1,5
Mia Müller,122.43,32.77,1,4
Isabella Harris,122.35,38.05,1,5
Sakura Chen,122.02,25.7,1,11
Christopher Jackson,121.72,41.82,1,12
Linda Fischer,121.36,43.33,1,8
Mia Ali,121.33000000000001,24.66,2,4
Christopher Taylor,121.2,35.6,1,3
Oscar Johnson,121.18,48.26,1,6
Xiao Davis,121.12,43.67,1,4
Amir Anderson,120.95,38.91,1,4
Emma Anderson,120.94,34.56,1,5
Chen Johnson,120.72,22.31,1,2
Fatima Brown,120.63,42.62,1,3
David Leroy,120.46,34.01,1,12
Clara Martinez,120.43,42.51,1,2
Maria Martinez,120.23,40.28,1,1
Christopher Harris,120.17999999999999,24.46,2,3
Felix Patel,120.16,34.92,1,1
Felix Schmidt,119.17,39.69,1,1
Sophie Brown,118.94,36.9,1,2
Jessica Garcia,118.78,45.019999999999996,2,9
Sophie Weber,118.7,26.91,1,5
Sophie Sato,118.42,36.61,1,3
Jessica Martin,118.18,16.9,1,4
Sarah Tanaka,117.78,18.2,2,8
Omar Dubois,117.78,19.959999999999997,2,6
Layla Chen,117.56,46.78,1,3
Kenji Romano,116.81,20.34,3,4
Felix Romano,116.72,36.5,2,4
Liam Pereira,116.33,32.72,1,3
Priya Romano,116.2,44.7,1,1
Mary Oliveira,115.85,41.86,1,3
Raj Sato,115.48,19.83,2,12
Elizabeth Sharma,115.4,42.38,1,2
Yuki Sharma,115.27,28.82,1,3
Jessica Weber,115.26,39.53,1,3
Ivan Nilsson,115.23,37.74,1,3
Ali Kim,115.14,30.46,1,2
Hans Laurent,114.77000000000001,22.52,2,8
Linda Zhang,114.6,43.58,1,10
Christopher Tanaka,114.37,31.27,1,8
Olga Pereira,114.12,36.83,2,3
Oscar Kim,113.59,2.04,2,11
Yuki Miller,113.45,27.53,1,2
Layla Ahmed,113.35,23.67,1,3
Sakura Jones,112.75999999999999,14.620000000000001,2,8
Patricia Chen,112.42,33.76,1,1
Hans Schmidt,112.4,43.06,1,8
Clara Garcia,112.22,20.48,2,9
Carlos Santos,112.12,20.45,1,1
Hans Martin,111.88,33.8,1,2
Ahmed Santos,111.55,24.68,1,2
Giulia Williams,110.59,31.11,1,3
Sakura Ali,110.27,28.55,1,2
Elizabeth Zhang,110.16,39.19,1,8
Barbara Leroy,109.88,40.68,1,2
Wei Laurent,109.84,32.2,1,4
Ava Garcia,109.76,42.1,1,2
Ingrid Davis,109.72,13.629999999999999,2,6
Ingrid Laurent,109.65,45.22,1,2
Yuki Robinson,109.42,34.29,1,1
Michael Smith,109.38,44.7,1,2
Elizabeth Martin,109.35,26.83,1,5
Carlos Robinson,109.09,27.46,1,1
Layla Ferrari,109.08,25.84,1,2
Marco Moreau,109.03,17.76,1,3
William Clark,108.74,25.509999999999998,2,5
Mary Clark,108.73,23.97,2,10
Amina Thomas,108.66,43.51,1,2
Priya Ali,108.6,44.26,1,5
Susan Laurent,108.22,40.18,1,6
William Martinez,107.88,31.33,2,8
Hans Kumar,107.59,10.25,2,5
Ali Hassan,106.82,35.15,1,2
Lucas Williams,106.47,28.96,1,3
Marco Davis,105.83,31.22,1,4
Omar Leroy,105.78,46.62,1,2
Ahmed Dubois,105.73,20.73,3,3
Chen Ali,105.71,23.54,1,1
Felix Ahmed,105.62,36.54,1,2
Mia Clark,105.52,12.02,2,6
Wei Fischer,105.22999999999999,32.06,2,5
Clara Taylor,105.16,26.32,1,2
Wei Wang,105.0,36.85,1,14
William Romano,104.65,22.29,1,4
Oscar Taylor,104.51,30.46,1,1
Giulia Li,104.5,27.34,1,1
Linda Thompson,104.2,41.92,1,5
Karen Ali,104.0,36.53,1,4
Ali Oliveira,103.77,33.67,1,1
Amina Wang,103.74,25.48,1,2
Priya Williams,103.57,25.94,1,2
Sakura Nilsson,102.78,31.68,1,4
Wei Hassan,102.21,23.12,1,2
Priya Park,101.8,41.71,1,6
Nadia Rodriguez,101.79,38.51,1,3
Jamal Zhang,101.46,33.03,1,3
Liam Kim,101.1,29.18,1,2
Clara Williams,101.04,34.56,1,2
Noah Martinez,100.68,32.61,1,5
Priya Martin,100.24,33.39,2,5
Chen Martin,100.24,24.74,2,12
Oscar Ali,100.12,16.38,1,1
Chen Singh,99.69,27.3,1,3
John Martin,99.56,33.63,1,2
John Patel,99.56,29.91,1,4
Ethan Jones,99.48,35.54,1,2
Ayumi Suzuki,99.42999999999999,20.240000000000002,2,10
Joseph Romano,99.35,19.060000000000002,2,3
Jessica Hassan,99.0,17.08,2,8
Nadia Pereira,98.9,21.5,2,5
Chen Martinez,98.69,26.44,1,1
Xiao Laurent,98.61,37.46,1,5
Felix Davis,98.38,37.65,1,1
Carlos Davis,97.81,20.95,1,2
Layla Jackson,97.13999999999999,18.2,2,3
David Williams,96.88,27.53,1,2
Nadia Thomas,96.82,27.69,1,6
Sakura Oliveira,96.64,33.86,1,4
Oscar Davis,96.6,33.36,1,2
Liam Patel,96.15,17.62,1,7
Layla Thomas,95.85,23.06,1,3
Zara Thomas,95.53,36.81,1,6
Olga Weber,95.06,32.52,1,1
Richard Ali,94.72,20.66,3,6
Priya Thomas,94.61,14.27,3,4
Zara White,94.52000000000001,21.22,2,11
Jamal Chen,94.52,25.19,1,1
Ahmed Clark,94.28,20.74,2,4
Mary Garcia,92.8,30.02,1,3
Kenji Miller,92.61,20.21,1,9
Noah Taylor,92.48,37.39,1,5
Hans Hassan,92.21,25.36,1,2
Ivan Smith,91.96,23.33,1,3
Oscar Schmidt,91.92,19.099999999999998,2,6
Jessica Nilsson,91.37,26.14,1,7
Patricia Dubois,91.16,11.63,1,1
Clara Tanaka,90.89,16.78,2,4
Fatima Kumar,90.68,35.55,1,4
Linda Wang,90.48,25.97,1,1
Xiao Ferrari,90.2,18.82,2,3
Sophie Jones,89.92,28.98,1,2
Amir Tanaka,89.48,21.09,1,3
Carlos Patel,88.94,14.77,1,3
Amina Harris,88.92,19.89,2,5
Ingrid Suzuki,88.6,21.37,1,2
Fatima Jones,88.43,25.88,1,1
Susan Miller,88.43,24.07,1,2
Jessica Park,87.63000000000001,8.59,2,2
Ayumi Romano,87.36,23.53,1,3
Lucas Yamamoto,87.28,21.08,1,2
Jessica Kim,87.15,34.14,1,5
Hans Khan,86.45,27.08,1,2
Amir Moreau,86.26,27.3,1,2
Isabella Ahmed,86.2,26.9,1,5
Elizabeth Singh,86.0,5.63,2,3
Jamal Jones,85.99000000000001,24.57,2,4
Fatima Patel,85.82,24.21,2,4
Ali Jackson,85.33,25.91,1,1
Olivia Zhang,85.31,21.29,2,8
Christopher Rossi,85.18,12.48,1,7
Sarah Nilsson,84.85,16.1,1,4
John Brown,84.83,26.54,1,1
Liam Wang,84.63,18.63,1,3
Ingrid Sato,84.5,24.03,1,1
Sarah Rossi,84.3,20.03,2,6
Ingrid Wang,83.98,31.41,1,7
Ayumi Tanaka,82.87,9.62,2,9
Joseph Fischer,82.38,31.84,1,2
Mary Rossi,82.24,21.86,1,2
Sakura Kim,81.92,32.89,1,2
Jessica Yamamoto,81.57,25.12,1,2
Richard Williams,81.41,18.79,1,2
Joseph Zhang,81.36,19.15,1,9
Emma Brown,81.35,25.39,1,1
Mary Laurent,81.06,-8.2,2,9
Liam Taylor,80.89,17.37,1,2
Mary Martinez,80.36,25.85,1,2
Ayumi Ali,79.98,26.65,1,5
Lucas Anderson,79.84,24.6,1,3
Olivia Rossi,79.61,12.83,1,2
Kenji Schmidt,79.3,26.36,1,10
James Anderson,79.15,15.28,1,3
Hans Robinson,79.09,33.0,1,5
Carlos Ali,78.98,21.130000000000003,2,4
Mary Anderson,78.26,16.08,2,3
Mia Laurent,77.65,22.97,1,4
Diego Harris,77.47,25.63,1,1
Giulia Smith,77.03,24.24,1,1
Layla Romano,76.32,17.12,1,10
Michael Leroy,76.19,25.45,1,6
Raj Rodriguez,76.11,24.09,1,1
Diego Rossi,76.01,20.04,1,2
Omar Russo,75.37,-14.07,3,14
Oscar Khan,75.28,29.66,1,2
Richard Moreau,75.07,2.36,1,2
Chen Garcia,74.96000000000001,8.62,2,2
Xiao Johnson,74.88,27.41,1,2
Barbara Miller,74.71,21.8,1,2
Maria Zhang,74.68,19.7,1,1
Joseph Thompson,74.03,17.65,1,1
Jamal Khan,73.88,1.14,1,2
Sophie Leroy,73.71,17.73,1,1
Giulia Yamamoto,73.69,20.95,1,4
Ava Laurent,73.52,13.05,1,1
Lucas Suzuki,72.80000000000001,12.75,2,2
Mary Miller,72.53999999999999,0.6300000000000003,2,6
Hans Ali,72.35,24.2,1,4
Susan Chen,72.31,19.86,1,2
Isabella Li,72.24,31.06,1,3
Xiao Rodriguez,71.9,11.2,2,4
Amir Ferrari,71.74,8.73,1,2
Chen Taylor,71.31,14.04,1,1
Maria Martin,71.23,15.21,1,3
Maria Sharma,71.14,9.29,1,10
Oscar Thomas,71.13,16.39,2,5
Clara Ali,71.08,29.08,1,6
Oscar White,70.97,24.14,1,1
Liam Nilsson,70.4,24.54,1,4
Emma Suzuki,70.33000000000001,10.77,2,3
Felix Laurent,70.03,11.559999999999999,2,3
Olga Wang,69.84,16.02,1,2
Amina Smith,69.66,14.17,1,7
Barbara Russo,69.03,23.83,1,3
Sakura Martin,69.02,24.46,1,5
Clara Schmidt,68.85,18.28,1,6
Nadia Weber,68.44,21.58,1,2
Karen Tanaka,68.36,21.47,1,5
Jamal Harris,68.34,9.14,1,2
Richard Dubois,68.31,25.09,1,1
Emma Tanaka,67.22,5.18,1,3
Linda Sato,67.14,15.58,1,1
Amina Johansson,66.96000000000001,3.8000000000000003,2,3
Michael Park,66.93,21.53,1,5
Clara Moreau,66.9,7.79,1,1
Sophie Li,66.68,15.32,1,2
Hanna Leroy,66.58,6.54,2,2
Hanna Davis,66.32,21.78,1,2
Fatima Müller,66.13,14.08,1,1
Ahmed Pereira,66.12,17.79,1,2
Michael Sato,66.02,15.12,1,1
John Miller,65.99,16.3,1,3
Jennifer Russo,65.82,22.07,1,2
Layla Santos,65.56,18.12,1,3
Oscar Wang,65.35,19.45,1,5
Karen Garcia,65.29,5.13,1,1
Jamal Nilsson,65.28,3.17,1,8
Mary Patel,65.04,16.07,1,1
Ava Patel,64.87,16.79,1,2
Robert Harris,64.69,11.05,2,3
Kenji Smith,64.5,11.49,1,3
Michael Hassan,64.18,2.52,1,12
Jennifer Moreau,64.12,21.03,1,2
Richard Johnson,63.84,15.4,1,2
Jessica Pereira,63.78,17.41,1,6
Carlos Dubois,63.27,13.22,1,1
Joseph Clark,62.93,8.2,1,4
Hanna Kumar,62.53,15.66,1,3
Lucas Costa,62.17,13.41,1,2
Diego Sharma,61.82,15.25,1,1
Hanna Li,61.73,17.99,1,2
Wei Smith,61.65,13.24,1,7
Ayumi Ferrari,61.04,9.36,1,2
Olga Ahmed,60.89,14.67,1,3
Carlos Jackson,60.48,10.34,1,4
Ethan Hassan,60.25,17.91,1,2
Omar Ali,60.11,11.22,1,1
Thomas Ferrari,59.92,22.41,1,4
Thomas Yamamoto,59.85,16.28,1,1
William Miller,59.74,9.38,1,4
Marco Ferrari,59.17,15.55,1,1
Diego Ferrari,59.15,10.8,1,1
Yuki Pereira,59.06,18.69,1,4
Liam Romano,58.76,12.91,1,1
Zara Ferrari,58.41,14.09,1,2
Richard Patel,58.34,15.97,1,3
Michael Kim,58.17,14.28,1,3
Layla Khan,57.55,15.52,1,1
Jessica Johnson,56.89,6.16,1,5
Fatima Weber,56.81,14.83,1,4
Fatima Davis,56.7,11.72,1,4
Christopher Clark,56.36,10.63,1,1
Clara Sato,56.28,9.95,1,2
Mia Martin,55.87,4.2,2,6
Ali Rodriguez,55.83,8.54,1,1
Liam Schmidt,55.6,18.8,1,4
Li Kim,55.53,8.42,1,3
Emma Weber,55.26,14.51,1,4
Patricia Santos,55.24,13.87,1,1
Carlos Martinez,55.14,12.66,1,2
Kenji Nilsson,54.96,14.57,1,3
Felix Miller,54.74,16.48,1,1
Ayumi Kumar,54.37,15.38,1,3
Michael Harris,54.25,15.54,1,1
Ingrid Khan,54.23,16.9,1,4
Joseph Schmidt,53.98,13.95,1,3
David Harris,53.77,12.09,1,5
Giulia Oliveira,53.72,12.01,1,2
Felix Leroy,53.69,7.12,1,4
John Rodriguez,53.56,10.23,1,2
Hans Santos,53.53,16.17,1,5
Raj Schmidt,53.34,15.87,1,3
Pierre Costa,53.11,12.89,1,1
Barbara Khan,52.98,19.79,1,3
Fatima Laurent,52.98,11.06,1,1
Ingrid Li,52.93,15.69,1,1
Ethan Moreau,52.9,7.76,1,1
Clara Clark,52.81,13.35,1,1
Karen Thomas,52.78,17.55,1,1
Sarah Moreau,52.76,6.62,1,2
Jessica Sato,52.25,14.94,1,1
Patricia Weber,52.15,7.3100000000000005,2,3
Marco Hassan,52.11,13.2,1,5
Oscar Johansson,52.05,7.42,1,4
David Kumar,51.63,15.43,1,1
Carlos Schmidt,51.41,6.14,2,4
Mary Ferrari,51.25,9.3,1,5
Fatima Robinson,51.14,10.55,1,2
Pierre Robinson,51.1,13.02,1,1
Thomas Wang,51.09,12.4,1,1
Hanna Fischer,51.02,10.97,1,5
Hanna Khan,50.8,9.92,1,2
Ethan Kim,50.75,9.46,1,1
Lucas Thomas,50.51,1.62,1,2
Liam Jones,50.4,1.33,2,2
Diego Li,50.04,12.47,1,1
Hans White,50.0,3.42,1,1
Ayumi Smith,49.91,10.48,1,2
Kenji Johansson,49.72,13.09,1,1
Wei Johansson,49.46,5.74,1,1
Hanna Ali,49.44,10.7,1,4
Robert Dubois,49.38,11.2,1,1
Diego Davis,49.18,11.12,1,2
Ayumi Nilsson,48.95,9.71,1,1
Xiao Jackson,48.46,18.74,1,2
Olivia Garcia,48.32,8.99,1,8
Ivan Leroy,48.23,17.9,1,1
Linda Rodriguez,47.97,1.33,1,7
Michael Sharma,47.96,14.93,1,1
Jamal Park,47.71,9.75,1,2
Nadia Davis,47.7,14.59,1,5
Thomas Thomas,47.66,17.34,1,2
Carlos Ahmed,47.57,15.54,1,1
Olivia Davis,47.56,0.27,1,5
Priya Robinson,47.55,15.0,1,1
Giulia Müller,47.48,9.47,1,2
Zara Weber,47.46,10.22,1,4
Oscar Jones,47.25,14.73,1,2
Carlos Jones,47.2,15.69,1,3
Thomas Clark,46.7,-0.04,1,2
Olivia Clark,46.37,5.86,1,1
Felix Singh,45.56,11.62,1,1
Michael Miller,45.49,-2.04,1,7
Marco Rodriguez,45.45,10.19,1,1
Maria Miller,45.26,11.16,1,3
Clara Santos,45.14,15.8,1,3
Li Müller,44.84,-1.61,1,3
Liam Johansson,44.79,1.15,1,5
Zara Fischer,44.69,7.24,1,1
Li Davis,44.59,12.83,1,1
Joseph Leroy,44.26,7.6,1,1
Priya Li,44.15,5.27,1,5
Raj Patel,44.120000000000005,6.3100000000000005,2,4
Karen Moreau,43.85,9.69,1,1
Raj Li,43.56,10.72,1,5
Patricia Garcia,43.53,0.33,1,2
William Moreau,43.48,10.5,1,1
Priya Leroy,43.07,-4.59,2,2
Nadia Dubois,43.01,13.65,1,1
Liam White,42.82,13.26,1,1
Kenji Santos,42.69,9.88,1,3
Richard Park,42.42,4.77,1,1
Ali Thomas,42.36,5.25,1,4
Karen Ferrari,42.31,5.81,1,1
Raj Weber,42.3,13.78,1,2
Ingrid Müller,42.23,6.5,1,4
Priya Wang,41.84,10.32,1,2
Jennifer Martinez,41.84,4.44,1,2
Marco Tanaka,41.74,5.54,1,1
Susan Patel,41.72,4.16,1,2
Christopher Miller,41.58,9.82,1,3
Karen Yamamoto,41.55,2.3,1,2
Hanna Ferrari,41.28,5.65,1,1
Ayumi Russo,41.13,5.62,1,1
Joseph Suzuki,41.11,12.63,1,1
Olga Zhang,40.72,7.15,1,1
Thomas Santos,40.42,11.77,1,1
Olivia Ali,40.39,10.11,1,4
Richard Sharma,40.3,6.82,1,1
Isabella Anderson,40.18,-0.49,1,1
Amina Khan,39.65,8.81,1,1
Olivia Pereira,39.61,13.23,1,1
John Wang,39.26,5.24,1,2
Emma Chen,39.08,7.94,1,2
Lucas Clark,39.07,1.38,1,1
David Laurent,38.74,7.57,1,1
Robert Garcia,38.67,7.37,1,3
Sophie Miller,38.64,11.78,1,2
Giulia Anderson,38.52,1.1099999999999999,2,3
Jamal Williams,38.44,9.11,1,1
Wei Costa,38.26,3.38,1,1
Elizabeth Patel,38.24,3.61,1,1
Omar Garcia,38.16,-11.32,2,7
Ingrid Clark,38.129999999999995,5.029999999999999,2,6
Sophie Williams,37.81,7.89,1,4
Oscar Williams,37.65,2.64,1,4
Ayumi Miller,37.26,2.86,1,3
Clara Smith,37.16,-5.87,1,5
Priya Nilsson,37.07,-5.92,2,6
Oscar Pereira,36.74,4.23,1,2
Ingrid Moreau,36.63,5.63,1,1
Patricia Ferrari,36.6,6.03,1,4
Ivan Anderson,36.42,4.45,1,3
Thomas Jackson,36.33,5.95,1,3
Clara Costa,36.29,2.81,1,1
Patricia Rossi,36.21,-0.59,1,1
Giulia Russo,36.18,4.16,1,2
Ivan Sharma,35.97,6.62,1,4
Emma Thompson,35.85,0.61,1,3
Emma Clark,35.8,4.33,1,4
Jennifer Anderson,35.72,6.37,1,5
Barbara Rossi,35.7,0.33,1,3
Nadia Jackson,35.5,11.37,1,2
Joseph Garcia,35.46,7.34,1,2
Li Oliveira,35.45,9.1,1,5
Amir Johansson,35.42,3.93,1,4
Olivia Wang,35.11,0.14,1,4
Chen Rodriguez,34.92,2.09,1,5
Hanna Rossi,34.92,1.67,1,5
Sophie Kim,34.77,2.09,1,1
Robert Russo,34.75,0.09,1,3
Barbara Moreau,34.7,4.94,1,2
James Khan,34.32,7.35,1,3
Isabella Smith,34.14,7.09,1,1
Barbara White,34.06,6.72,1,3
Sarah Johansson,32.95,2.08,1,1
Jennifer Dubois,32.7,3.79,1,1
Chen Dubois,32.69,6.18,1,1
Jamal Patel,32.62,7.03,1,2
Xiao Weber,32.46,6.68,1,1
Xiao Kumar,32.28,5.66,1,1
Ali Leroy,32.2,1.64,1,1
Omar Weber,31.92,3.89,1,1
Amir Park,31.5,-0.27,1,2
Mia Davis,31.21,1.5,1,1
James Oliveira,31.2,-3.04,1,6
Diego Anderson,31.05,1.61,1,1
Patricia Martinez,30.78,-3.2,1,3
Amir Singh,30.49,4.13,1,3
Karen Khan,30.1,1.77,1,3
Omar Rodriguez,30.08,1.05,1,2
William Khan,30.06,1.18,1,1
Jessica Brown,30.04,5.35,1,1
Emma Zhang,29.91,1.93,1,1
Xiao Sharma,29.71,3.13,1,1
Sophie Rossi,29.71,2.18,1,3
Karen Zhang,29.63,1.18,1,2
William Rodriguez,29.3,3.08,1,1
Jennifer Zhang,29.27,-3.21,1,6
Isabella Martin,29.18,3.8,1,2
Ahmed Weber,29.16,2.34,1,3
Patricia Park,29.16,8.08,1,2
Ethan Santos,28.85,3.05,1,1
Jessica Williams,28.81,5.24,1,1
Liam Sharma,28.73,-4.48,1,5
William Zhang,28.62,-5.38,1,3
Felix Rodriguez,28.56,8.44,1,2
Ayumi Martin,28.39,-7.92,1,5
Thomas Miller,28.36,-0.08,1,3
Elizabeth Santos,28.3,3.38,1,2
Priya Zhang,27.88,7.87,1,2
Jennifer Nilsson,27.58,0.8,1,1
Ahmed Johnson,27.5,-4.26,1,5
James Sharma,27.5,3.85,1,3
Diego Jones,27.49,1.89,1,1
Lucas Müller,27.06,-0.32,1,1
Fatima Wang,27.0,2.08,1,4
James Brown,26.97,4.96,1,3
Hans Zhang,26.73,5.12,1,3
Jamal Kim,26.62,5.62,1,3
Mia Johnson,26.43,1.99,1,1
Clara Johnson,26.25,-1.65,1,4
Giulia Khan,25.92,3.75,1,4
Emma Sato,25.92,-3.04,1,1
Barbara Fischer,25.88,-3.88,1,3
Kenji Yamamoto,25.7,0.75,1,2
Yuki Suzuki,25.69,-3.69,1,1
Thomas Li,25.63,2.45,1,1
Nadia Brown,25.6,-5.43,1,9
Liam Rossi,25.4,-3.05,1,3
Zara Wang,25.37,-1.95,1,1
Richard Garcia,25.2,-2.87,1,2
Raj White,25.08,3.53,1,2
Susan Leroy,24.92,-11.84,2,3
Pierre Jones,24.89,0.85,1,1
Linda Müller,24.74,-1.82,1,4
Isabella Schmidt,24.72,-1.8,1,1
Fatima Rossi,24.66,-1.41,1,1
Ava Martinez,24.65,-4.07,1,3
Emma Johansson,24.6,6.08,1,3
Ivan Müller,24.6,1.1,1,2
Karen Jackson,24.52,-0.72,1,1
Robert Smith,24.14,-3.52,1,1
Jamal Wang,23.28,4.29,1,2
Omar Singh,22.84,-1.95,1,2
Barbara Johnson,22.8,-4.18,1,3
Clara Fischer,22.8,-0.01,1,3
Joseph Singh,22.69,1.74,1,1
Hans Smith,22.68,-1.52,1,2
Patricia Clark,22.66,-5.02,1,2
Hanna Martinez,22.64,-2.84,1,4
Felix Pereira,22.64,2.43,1,2
Nadia Ahmed,22.62,2.02,1,3
Ayumi Pereira,22.48,3.17,1,1
Pierre Suzuki,22.39,-0.55,1,2
Chen Rossi,22.15,-2.96,2,2
Zara Davis,22.05,-4.03,1,2
Priya Chen,21.87,1.46,1,2
William Hassan,21.86,-3.94,1,1
Jamal Ferrari,21.5,-2.21,1,2
Mary Rodriguez,21.38,3.0,1,1
Liam Zhang,21.34,-0.84,1,1
Amina Ali,21.34,3.16,1,1
Felix Taylor,21.31,0.78,1,2
Kenji Rossi,21.06,-2.08,1,3
Ava Rodriguez,21.0,2.41,1,2
Joseph Martin,20.92,-3.93,1,1
Yuki Chen,20.84,-5.39,1,4
Mia Ferrari,20.74,-1.94,1,2
Nadia Anderson,20.68,-4.53,1,3
Raj Chen,20.62,-2.56,1,2
Robert Thompson,20.52,-1.25,1,2
Jamal Leroy,20.48,-4.99,1,4
Amina Tanaka,20.23,3.42,1,2
Amina Romano,20.12,-5.67,1,1
Clara Singh,20.08,-0.54,1,2
Carlos Yamamoto,20.04,3.51,1,1
Clara Brown,19.73,1.86,1,1
Hanna Nilsson,19.62,3.04,1,3
Olga Patel,19.58,-2.37,1,1
Ethan Clark,19.51,0.38,1,1
Jennifer Khan,19.48,0.29,1,1
Isabella Kumar,19.19,-1.41,1,2
Ingrid Martin,19.03,1.06,1,1
Joseph Johnson,18.96,3.56,1,2
Kenji Suzuki,18.91,-1.62,1,2
Olga Miller,18.75,1.15,1,2
William Martin,18.64,1.04,1,1
Priya Sato,18.61,-2.12,1,2
Felix Johansson,18.57,-2.54,1,5
Zara Chen,18.5,-2.11,1,2
Xiao Harris,18.28,-1.79,1,2
Isabella Yamamoto,18.2,0.35,1,2
Giulia Pereira,18.19,-0.54,1,1
David Chen,18.14,-5.55,1,2
Raj Anderson,18.14,-5.48,1,2
Michael Martin,17.95,-2.68,1,1
Raj Singh,17.86,-0.22,1,2
Isabella Taylor,17.66,-1.58,1,1
Elizabeth Garcia,17.49,-3.57,1,1
Ava Li,17.47,-6.87,1,3
Giulia Singh,17.18,1.44,1,1
Hanna Brown,17.14,-1.6,1,2
Sarah Hassan,17.12,1.94,1,2
Xiao Smith,17.02,-4.97,1,1
Li Yamamoto,16.95,-3.9,1,1
Lucas Jones,16.91,-7.85,1,1
Nadia Taylor,16.82,-6.36,1,3
Ayumi Moreau,16.8,-4.65,1,4
Ali Romano,16.66,-2.83,1,1
Christopher Fischer,16.58,0.35,1,2
Clara Nilsson,16.48,-4.93,1,5
Oscar Costa,16.43,-1.98,1,2
Hans Ferrari,16.31,0.2,1,1
William Garcia,16.16,-1.83,1,1
Chen Khan,16.16,-1.58,1,2
Christopher Ahmed,16.15,0.02,1,1
Robert Sato,16.06,-1.76,1,2
Michael Schmidt,15.86,0.14,1,1
Layla Zhang,15.84,0.64,1,2
Zara Brown,15.82,-0.46,1,1
Mary Russo,15.66,-2.16,1,1
Pierre Garcia,15.62,1.99,1,1
Olga Li,15.61,-4.7,1,2
James Taylor,15.61,-3.1,1,1
Thomas Tanaka,15.32,-2.44,1,1
Linda Laurent,15.15,-4.51,1,2
Sophie Zhang,15.08,2.12,1,2
Felix Fischer,15.05,-5.19,1,1
Noah Fischer,15.04,-0.88,1,1
Diego Hassan,14.93,-1.44,1,1
Nadia Martinez,14.85,-1.54,1,2
Hans Oliveira,14.83,-2.96,1,1
Hanna Kim,14.73,-4.26,1,1
Isabella Tanaka,14.69,-4.47,1,1
Emma Laurent,14.55,-3.52,1,1
Karen Patel,14.45,-5.02,1,1
David White,14.32,0.92,1,1
Joseph Ali,14.19,-1.69,1,1
Felix Moreau,13.7,-3.99,1,2
Noah Hassan,13.5,-4.47,1,2
Michael Zhang,13.39,-0.4,1,3
Ivan Park,13.38,-3.42,1,1
Zara Hassan,13.36,0.03,1,1
Ivan Martin,13.3,-0.57,1,1
Olga Ali,13.24,-5.07,1,1
Ivan Romano,13.0,-6.08,1,1
Sakura Garcia,12.88,-2.63,1,2
Ali Dubois,12.87,-4.39,1,1
Jessica Thomas,12.86,-1.39,1,1
Noah Thomas,12.78,-4.4,1,2
Yuki Zhang,12.77,-2.74,1,1
Patricia Khan,12.56,-1.24,1,1
Ingrid White,12.55,-3.73,1,1
Ingrid Yamamoto,12.35,-6.54,1,1
Pierre Smith,12.16,-1.86,1,1
Diego Nilsson,11.89,-0.99,1,1
Zara Smith,11.71,-8.6,1,4
Jennifer Brown,11.45,-3.0,1,1
Fatima Kim,11.38,-2.61,1,1
Amir Wang,11.3,-0.48,1,1
Maria Müller,11.23,0.09,1,1
Ahmed Smith,11.15,-1.29,1,1
Amina Anderson,11.03,-5.33,1,1
Amina Sharma,10.91,-0.88,1,1
William Smith,10.33,-6.49,1,1
Noah Santos,10.06,-6.11,1,1
Lucas Leroy,9.94,-5.24,1,2
Richard Martinez,9.89,-6.15,1,1
Olivia Schmidt,9.44,-4.7,1,1
Xiao Johansson,9.32,-1.1,1,1
Olivia Laurent,9.23,-1.36,1,1
Marco Kim,9.18,-9.01,1,2
Raj Khan,9.12,-0.72,1,1
Mary Jackson,8.96,-1.25,1,1
Giulia Leroy,8.96,-6.6,1,1
Michael Oliveira,8.78,-7.12,1,1
Liam Costa,8.72,-6.94,1,1
Maria Laurent,8.67,-6.1,1,1
Richard Li,8.57,-4.12,1,1
Sophie Johnson,8.55,-4.03,1,1
Wei Khan,8.54,-2.72,1,1
Giulia Garcia,8.33,-6.55,1,1
Amir Dubois,7.95,-3.64,1,1
Nadia Romano,7.66,-6.7,1,2
Raj Costa,7.26,-4.55,1,1
Ahmed Tanaka,7.03,-2.29,1,1
Sarah Smith,7.02,-8.07,1,1
Yuki Thompson,6.93,-5.45,1,2
Zara Moreau,6.83,-8.71,1,1
Hans Wang,6.66,-3.83,1,1
Giulia Dubois,6.62,-11.28,1,2
Ethan Yamamoto,6.44,-7.04,1,1
Lucas White,6.29,-3.55,1,1
James Ali,6.25,-2.66,1,1
Susan Garcia,6.24,-9.17,1,1
Ingrid Santos,6.13,-4.33,1,1
Felix Hassan,5.68,-5.55,1,1
Karen Martinez,4.3,-9.69,1,1
Sophie Johansson,4.14,-10.48,1,1
Isabella Laurent,3.42,-6.13,1,1
Jennifer Thompson,2.58,-5.66,1,1
